{"files":{"application-7fbd39cfd0a6f9d975514562043a22ee.js":{"logical_path":"application.js","mtime":"2015-09-04T10:08:34+05:30","size":326649,"digest":"7fbd39cfd0a6f9d975514562043a22ee"},"application-10abedc89886c5fa9e8e3560228e0aee.css":{"logical_path":"application.css","mtime":"2015-09-04T10:19:05+05:30","size":14537,"digest":"10abedc89886c5fa9e8e3560228e0aee"},"vendor/modernizr-f1722e6613935c62fd604c2c60e59a9a.js":{"logical_path":"vendor/modernizr.js","mtime":"2015-04-29T14:09:23+05:30","size":51352,"digest":"f1722e6613935c62fd604c2c60e59a9a"}},"assets":{"application.js":"application-7fbd39cfd0a6f9d975514562043a22ee.js","application.css":"application-10abedc89886c5fa9e8e3560228e0aee.css","vendor/modernizr.js":"vendor/modernizr-f1722e6613935c62fd604c2c60e59a9a.js"}}